{
  "admin": [
    {
      "id": "18bf",
      "busno": "45",
      "time": "4:00",
      "from": "singanallur",
      "to": "gandhipuram"
    },
    {
      "id": "2a68",
      "busno": "65",
      "time": "5:00",
      "from": "singanallur",
      "to": "gandhipuram"
    },
    {
      "id": "4ddb",
      "busno": "111",
      "time": "1:00",
      "from": "gandhipuram",
      "to": "thudiayalur"
    },
    {
      "id": "6239",
      "busno": "42A",
      "time": "12:00",
      "from": "gandhipuram",
      "to": "annur"
    },
    {
      "id": "6854",
      "busno": "23",
      "time": "2:00",
      "from": "gandhipuram",
      "to": "ukkadam"
    },
    {
      "busno": "1516",
      "time": "9:00",
      "from": "ukkadam",
      "to": "gandhipuram",
      "id": "79d2"
    },
    {
      "id": "721e",
      "busno": "12c",
      "time": "5:00",
      "from": "ukkadam",
      "to": "thudiayalur"
    },
    {
      "id": "cb1e",
      "busno": "21q",
      "time": "18:63pm",
      "from": "gandhipuram",
      "to": "ukkadam"
    },
    {
      "id": "9638",
      "busno": "111",
      "time": "7:00",
      "from": "ukkadam",
      "to": "gandhipuram"
    },
    {
      "id": "954e",
      "busno": "12a",
      "time": "12",
      "from": "ukkadam",
      "to": "gandhipuram"
    },
    {
      "id": "c834",
      "busno": "45C",
      "time": "1:20",
      "from": "gandhipuram",
      "to": "thudiayalur"
    }
  ],
  "user": [
    {
      "name": "Adam",
      "email": "Ad@gmail.com",
      "password": "12345",
      "id": "8e03"
    },
    {
      "id": "ee95",
      "name": "praksh",
      "email": "pc@gmail.com",
      "password": "987654"
    },
    {
      "id": "da5f",
      "name": "Nk",
      "email": "nk@gmail.com",
      "password": "1516"
    },
    {
      "id": "a9dd",
      "name": "dd",
      "email": "dd@gmail.com",
      "password": "7122"
    },
    {
      "id": "f445",
      "name": "dd2",
      "email": "dd2@gmail.com",
      "password": "7502"
    },
    {
      "id": "3fd1",
      "name": "naveen",
      "email": "nkg@gmail.com",
      "password": "9876"
    },
    {
      "id": "1f87",
      "name": "ghsad",
      "email": "sdfnln@gmail.com",
      "password": "12345"
    },
    {
      "id": "97da",
      "name": "Sahana",
      "email": "sahan@gmail.com",
      "password": "NaveenMama"
    },
    {
      "id": "4597",
      "name": "dhivakarkaruda@gmail.com",
      "email": "dhivakarkaruda@gmail.com",
      "password": "7122"
    },
    {
      "id": "4073",
      "name": "",
      "email": "",
      "password": ""
    },
    {
      "id": "3fed",
      "name": "",
      "email": "",
      "password": ""
    },
    {
      "id": "9b9b",
      "name": "",
      "email": "",
      "password": ""
    },
    {
      "id": "a604",
      "name": "",
      "email": "",
      "password": ""
    }
  ]
}