{
  "users": [
    {
      "Id": "1",
      "name": "Adam",
      "email": "adam@gmail.com",
      "password": "123456",
      "id": "49e5"
    },
    {
      "id": "aa3e",
      "name": "Dhivakar",
      "email": "dhivakarkaruda@gmail.com",
      "password": "7502077650"
    },
    {
      "id": "51e7",
      "name": "hi",
      "email": "hi@gmail.com",
      "password": "6546546"
    },
    {
      "id": "8372",
      "name": "hi",
      "email": "hi@gmail.com",
      "password": "6546546"
    },
    {
      "id": "eaee",
      "name": "hi",
      "email": "hi@gmail.com",
      "password": "6546546"
    },
    {
      "id": "0a96",
      "name": "hi",
      "email": "hi@gmail.com",
      "password": "6546546"
    }
  ]
}